<automate>
	<nb_etats>12</nb_etats>
	<etat_init>1</etat_init>
	<case>
		<etat>1</etat>
		<condition>1</condition>
		<action>2</action>
		<transition>1</transition>
	</case>
	<case>
		<etat>1</etat>
		<condition>2</condition>
		<action>3</action>
		<transition>1</transition>
	</case>
	<case>
		<etat>1</etat>
		<condition>3</condition>
		<action>4</action>
		<transition>1</transition>
	</case>
	<case>
		<etat>1</etat>
		<condition>4</condition>
		<action>5</action>
		<transition>1</transition>
	</case>
	<case>
		<etat>1</etat>
		<condition>9</condition>
		<action>6</action>
		<transition>1</transition>
	</case>
	<case>
		<etat>1</etat>
		<condition>10</condition>
		<action>6</action>
		<transition>2</transition>
	</case>
	<case>
		<etat>2</etat>
		<condition>1</condition>
		<action>2</action>
		<transition>2</transition>
	</case>
	<case>
		<etat>2</etat>
		<condition>2</condition>
		<action>3</action>
		<transition>2</transition>
	</case>
	<case>
		<etat>2</etat>
		<condition>3</condition>
		<action>4</action>
		<transition>2</transition>
	</case>
	<case>
		<etat>2</etat>
		<condition>4</condition>
		<action>5</action>
		<transition>2</transition>
	</case>
	<case>
		<etat>2</etat>
		<condition>5</condition>
		<action>7</action>
		<transition>5</transition>
	</case>
	<case>
		<etat>2</etat>
		<condition>6</condition>
		<action>8</action>
		<transition>6</transition>
	</case>
	<case>
		<etat>2</etat>
		<condition>7</condition>
		<action>9</action>
		<transition>7</transition>
	</case>
	<case>
		<etat>2</etat>
		<condition>8</condition>
		<action>10</action>
		<transition>8</transition>
	</case>
	<case>
		<etat>2</etat>
		<condition>11</condition>
		<action>6</action>
		<transition>3</transition>
	</case>
	<case>
		<etat>2</etat>
		<condition>9</condition>
		<action>6</action>
		<transition>1</transition>
	</case>
	<case>
		<etat>3</etat>
		<condition>5</condition>
		<action>7</action>
		<transition>9</transition>
	</case>
	<case>
		<etat>3</etat>
		<condition>6</condition>
		<action>8</action>
		<transition>10</transition>
	</case>
	<case>
		<etat>3</etat>
		<condition>7</condition>
		<action>9</action>
		<transition>11</transition>
	</case>
	<case>
		<etat>3</etat>
		<condition>8</condition>
		<action>10</action>
		<transition>12</transition>
	</case>
	<case>
		<etat>3</etat>
		<condition>1</condition>
		<action>2</action>
		<transition>3</transition>
	</case>
	<case>
		<etat>3</etat>
		<condition>2</condition>
		<action>3</action>
		<transition>3</transition>
	</case>
	<case>
		<etat>3</etat>
		<condition>3</condition>
		<action>4</action>
		<transition>3</transition>
	</case>
	<case>
		<etat>3</etat>
		<condition>4</condition>
		<action>5</action>
		<transition>3</transition>
	</case>
	<case>
		<etat>5</etat>
		<condition>1</condition>
		<action>2</action>
		<transition>2</transition>
	</case>
	<case>
		<etat>6</etat>
		<condition>2</condition>
		<action>3</action>
		<transition>2</transition>
	</case>
	<case>
		<etat>7</etat>
		<condition>3</condition>
		<action>4</action>
		<transition>2</transition>
	</case>
	<case>
		<etat>8</etat>
		<condition>4</condition>
		<action>5</action>
		<transition>2</transition>
	</case>
	<case>
		<etat>9</etat>
		<condition>1</condition>
		<action>2</action>
		<transition>3</transition>
	</case>
	<case>
		<etat>10</etat>
		<condition>2</condition>
		<action>3</action>
		<transition>3</transition>
	</case>
	<case>
		<etat>11</etat>
		<condition>3</condition>
		<action>4</action>
		<transition>3</transition>
	</case>
	<case>
		<etat>12</etat>
		<condition>4</condition>
		<action>5</action>
		<transition>3</transition>
	</case>
</automate>