<parse>
	<action>
		<id>0</id>
		<succes>observe les petits éléctrons qui courent</succes>
		<echec>n'arrive pas à rien faire</echec>
	</action>
	<action>
		<id>1</id>
		<succes>avance vaillament vers le nord</succes>
		<echec>ne peut pas avancer au nord</echec>
	</action>
	<action>
		<id>2</id>
		<succes>descends vers le sud</succes>
		<echec>tente d'aller au sud mais rencontre de l'adversité</echec>
	</action>
	<action>
		<id>3</id>
		<succes>se dirige vers l'est</succes>
		<echec>est bloqué dans sa course vers l'est</echec>
	</action>
	<action>
		<id>4</id>
		<succes>pars à l'ouest</succes>
		<echec>ne peut pas aller à l'ouest</echec>
	</action>
	<action>
		<id>5</id>
		<succes>attaque le virus au nord</succes>
		<echec>essaye d'attaquer au nord, mais il n'y a personne</echec>
	</action>
	<action>
		<id>6</id>
		<succes>attaque le virus au sud</succes>
		<echec>essaye d'attaquer au sud, mais il n'y a personne</echec>
	</action>
	<action>
		<id>7</id>
		<succes>attaque le virus a l'est</succes>
		<echec>essaye d'attaquer a l'est, mais il n'y a personne</echec>
	</action>
	<action>
		<id>8</id>
		<succes>attaque le virus a l'ouest</succes>
		<echec>essaye d'attaquer a l'ouest, mais il n'y a personne</echec>
	</action>
	<action>
		<id>9</id>
		<succes>ramasse un composant</succes>
		<echec>essaye de ramasser quelque chose qui ne peut pas l'être</echec>
	</action>
	<action>
		<id>10</id>
		<succes>pose un piége</succes>
		<echec>essaye de pieger quelque chose qui ne peut pas l'être</echec>
	</action>
	<action>
		<id>11</id>
		<succes>se recharge. Il est revigoré</succes>
		<echec>est vidé de son énérgie et a un inventaire vide</echec>
	</action>
	<action>
		<id>12</id>
		<succes>est endommagé. Il se répare automatiquement</succes>
		<echec>essaye de se réparer mais manque d'outils</echec>
	</action>
	<action>
		<id>13</id>
		<succes>fuit comme un lâche</succes>
		<echec>essaye de fuir, mais il n'y a pas d'issues</echec>
	</action>
	<action>
		<id>14</id>
		<succes>détruit l'obstacle</succes>
		<echec>frappe l'objet. Cela n'est pas très efficace</echec>
	</action>
	<action>
		<id>15</id>
		<succes>fouille un tas de composants</succes>
		<echec>veux fouiller mais échoue</echec>
	</action>
</parse>