<condL>
<cond>
<id>0</id>
<d>0</d>
<type>4</type>
</cond>
<cond>
<id>1</id>
<d>1</d>
<type>4</type>
</cond>
<cond>
<id>2</id>
<d>3</d>
<type>4</type>
</cond>
<cond>
<id>3</id>
<d>2</d>
<type>4</type>
</cond>
<cond>
<id>4</id>
<d>4</d>
<type>4</type>
</cond>
<cond>
<id>5</id>
<d>1</d>
<type>3</type>
</cond>
<cond>
<id>6</id>
<d>3</d>
<type>3</type>
</cond>
<cond>
<id>7</id>
<d>2</d>
<type>3</type>
</cond>
<cond>
<id>8</id>
<d>4</d>
<type>3</type>
</cond>
<cond>
<id>9</id>
<d>0</d>
<type>1</type>
</cond>
<cond>
<id>10</id>
<d>0</d>
<type>5</type>
</cond>
<cond>
<id>11</id>
<d>1</d>
<type>2</type>
</cond>
<cond>
<id>12</id>
<d>3</d>
<type>2</type>
</cond>
<cond>
<id>13</id>
<d>2</d>
<type>2</type>
</cond>
<cond>
<id>14</id>
<d>4</d>
<type>2</type>
</cond>
<cond>
<id>15</id>
<d>0</d>
<type>8</type>
</cond>
<cond>
<id>16</id>
<d>0</d>
<type>6</type>
</cond>
<cond>
<id>17</id>
<d>0</d>
<type>7</type>
</cond>
</condL>