<automate>
	<nb_etats>2</nb_etats>
	<etat_init>1</etat_init>
	
	<case>
	    <etat>0</etat>
	    <condition>1</condition>
	    <action>1</action>
	    <transition>1</transition>
	</case>
	<case>
	    <etat>1</etat>
	    <condition>2</condition>
	    <action>2</action>
	    <transition>1</transition>
	</case>
	<case>
	    <etat>1</etat>
	    <condition>3</condition>
	    <action>3</action>
	    <transition>1</transition>
	</case>
	<case>
		<etat>1</etat>
		<condition>4</condition>
		<action>4</action>
		<transition>1</transition>
	</case>
	
	<case>
		<etat>1</etat>
		<condition>9</condition>
		<action>9</action>
		<transition>1</transition>
	</case>
	<case>
	    <etat>1</etat>
	    <condition>10</condition>
	    <action>9</action>
	    <transition>1</transition>
	</case>
	<case>
	    <etat>1</etat>
	    <condition>15</condition>
	    <action>15</action>
	    <transition>1</transition>
	</case>
	<case>
	    <etat>1</etat>
	    <condition>16</condition>
	    <action>9</action>
	    <transition>1</transition>
	</case>
	<case>
	    <etat>2</etat>
	    <condition>1</condition>
	    <action>1</action>
	    <transition>2</transition>
	</case>
	<case>
	    <etat>2</etat>
	    <condition>2</condition>
	    <action>2</action>
	    <transition>2</transition>
	</case>
	<case>
	    <etat>2</etat>
	    <condition>3</condition>
	    <action>3</action>
	    <transition>2</transition>
	</case>
	<case>
		<etat>2</etat>
		<condition>4</condition>
		<action>4</action>
		<transition>2</transition>
	</case>
	<case>
	    <etat>2</etat>
	    <condition>5</condition>
	    <action>5</action>
	    <transition>2</transition>
	</case>
	<case>
	    <etat>2</etat>
	    <condition>6</condition>
	    <action>6</action>
	    <transition>2</transition>
	</case>
	<case>
	    <etat>2</etat>
	    <condition>7</condition>
	    <action>7</action>
	    <transition>2</transition>
	</case>
	<case>
		<etat>2</etat>
		<condition>8</condition>
		<action>8</action>
		<transition>2</transition>
	</case>
	<case>
	    <etat>2</etat>
	    <condition>9</condition>
	    <action>9</action>
	    <transition>2</transition>
	</case>
	<case>
	    <etat>2</etat>
	    <condition>10</condition>
	    <action>9</action>
	    <transition>1</transition>
	</case>
	<case>
	    <etat>2</etat>
	    <condition>15</condition>
	    <action>15</action>
	    <transition>2</transition>
	</case>
	<case>
	    <etat>2</etat>
	    <condition>16</condition>
	    <action>9</action>
	    <transition>2</transition>
	</case>
</automate>