<fic>
	<imageG>../Graphics/Sprites/1.png</imageG>
	<imageM>../Graphics/Sprites/mechant.png</imageM>
	<objet>
		<id>0</id>
		<type>4</type>
		<use>0</use>
		<name>HERBE</name>
		<passage>1</passage>
		<path>../Graphics/Tiles/Zombie/grass.png</path>
	</objet>
	<objet>
		<id>1</id>
		<type>4</type>
		<use>0</use>
		<name>TERRE</name>
		<passage>1</passage>
		<path>../Graphics/Tiles/Zombie/dirt.png</path>
	</objet>
	<objet>
		<id>2</id>
		<type>4</type>
		<use>0</use>
		<name>GRAVIER</name>
		<passage>1</passage>
		<path>../Graphics/Tiles/Zombie/gravel.png</path>
	</objet>
	<objet>
		<id>3</id>
		<type>4</type>
		<use>0</use>
		<name>SABLE</name>
		<passage>1</passage>
		<path>../Graphics/Tiles/Zombie/sand.png</path>
	</objet>
	<objet>
		<id>4</id>
		<type>4</type>
		<use>0</use>
		<name>EAU</name>
		<passage>0</passage>
		<path>../Graphics/Tiles/Zombie/trouble_water.png</path>
	</objet>
	<objet>
		<id>5</id>
		<type>7</type>
		<use>0</use>
		<name>IMMEUBLE</name>
		<passage>1</passage>
		<path>../Graphics/Tiles/Zombie/building1.png</path>
	</objet>
	<objet>
		<id>6</id>
		<type>4</type>
		<use>0</use>
		<name>RONCES</name>
		<passage>0</passage>
		<path>../Graphics/Tiles/Zombie/torn.png</path>
	</objet>
	<objet>
		<id>7</id>
		<type>2</type>
		<use>0</use>
		<name>CONSERVE</name>
		<passage>1</passage>
		<path>../Graphics/Tiles/Zombie/can.png</path>
	</objet>
	<objet>
		<id>8</id>
		<type>2</type>
		<use>0</use>
		<name>BOUTEILLE</name>
		<passage>1</passage>
		<path>../Graphics/Tiles/Zombie/bottle.png</path>
	</objet>
	<objet>
		<id>9</id>
		<type>1</type>
		<use>15</use>
		<name>COUTEAU</name>
		<passage>1</passage>
		<path>../Graphics/Tiles/Zombie/knife.png</path>
	</objet>
	<objet>
		<id>10</id>
		<type>7</type>
		<use>0</use>
		<name>HOPITAL</name>
		<passage>1</passage>
		<path>../Graphics/Tiles/Zombie/building2.png</path>
	</objet>
	<objet>
		<id>11</id>
		<type>7</type>
		<use>0</use>
		<name>GRANGE</name>
		<passage>1</passage>
		<path>../Graphics/Tiles/Zombie/building2.png</path>
	</objet>
	<objet>
		<id>12</id>
		<type>6</type>
		<use>0</use>
		<name>CACTUS</name>
		<passage>1</passage>
		<path>../Graphics/Tiles/Zombie/cactus.png</path>
	</objet>
	<objet>
		<id>13</id>
		<type>3</type>
		<use>0</use>
		<name>SERINGUE</name>
		<passage>1</passage>
		<path>../Graphics/Tiles/Zombie/seringue.png</path>
	</objet>
	<objet>
		<id>14</id>
		<type>1</type>
		<use>5</use>
		<name>BRANCHE</name>
		<passage>1</passage>
		<path>../Graphics/Tiles/Zombie/branch.png</path>
	</objet>
	<objet>
		<id>15</id>
		<type>1</type>
		<use>25</use>
		<name>FUSIL A POMPE</name>
		<passage>1</passage>
		<path>../Graphics/Tiles/Zombie/gun.png</path>
	</objet>
</fic>